x0000,y0000,x0001,y0001,x0002,y0002,x0003,y0003,x0004,y0004,x0005,y0005
47,0,47,-1,47,40.22,47,0.01,47,-0.02,47,-0.15,
48,0,48,0.01,48,0,48,-0,48,-0.02,48,-0.15,
49,-0.61,49,-11.93,49,53.36,49,0,49,-0.03,49,-0.15,
50,-0.41,50,-12.5,50,58.83,50,-0,50,-0.03,50,-0.15,
51,-0.37,51,-12.81,51,62.28,51,-0.01,51,-0.04,51,-0.15,
52,-0.39,52,-13.04,52,65.12,52,-0.01,52,-0.04,52,-0.15,
53,-0.3,53,-13.15,53,67,53,-0.02,53,-0.04,53,-0.15,
54,-0.36,54,-13.35,54,69.49,54,-0.02,54,-0.04,54,-0.15,
55,-0.38,55,-13.66,55,72.87,55,-0.02,55,-0.04,55,-0.15,
56,-0.38,56,-14.07,56,77.02,56,-0.03,56,-0.04,56,-0.15,
57,0.82,57,-4.93,57,74.66,57,-0.03,57,-0.05,57,-0.15,
58,0.8,58,-4.93,58,74.65,58,-0.03,58,-0.05,58,-0.15,
59,0.82,59,-4.93,59,74.65,59,-0.03,59,-0.05,59,-0.15,
60,0.81,60,-4.93,60,74.65,60,-0.03,60,-0.05,60,-0.15,
61,0.82,61,-4.94,61,74.65,61,-0.03,61,-0.05,61,-0.15,
62,0.84,62,-4.94,62,74.65,62,-0.03,62,-0.05,62,-0.15,
63,0.83,63,-4.95,63,74.65,63,-0.03,63,-0.05,63,-0.15,
64,0.89,64,-4.94,64,74.65,64,-0.03,64,-0.05,64,-0.15,
65,0.89,65,-4.93,65,74.65,65,-0.03,65,-0.05,65,-0.15,
66,0.8,66,-4.92,66,74.66,66,-0.03,66,-0.05,66,-0.15,
67,0.76,67,-4.93,67,74.65,67,-0.03,67,-0.05,67,-0.15,
68,0.76,68,-4.93,68,74.65,68,-0.03,68,-0.05,68,-0.15,
69,0.76,69,-4.94,69,74.65,69,-0.03,69,-0.05,69,-0.15,
70,0.77,70,-4.95,70,74.65,70,-0.03,70,-0.05,70,-0.15,
71,0.77,71,-4.96,71,74.65,71,-0.03,71,-0.05,71,-0.15,
72,0.77,72,-4.96,72,74.65,72,-0.03,72,-0.05,72,-0.15,
73,0.76,73,-4.97,73,74.65,73,-0.03,73,-0.05,73,-0.15,
74,0.75,74,-4.97,74,74.65,74,-0.03,74,-0.05,74,-0.15,
75,0.74,75,-4.97,75,74.65,75,-0.03,75,-0.05,75,-0.15,
76,0.75,76,-4.97,76,74.65,76,-0.03,76,-0.05,76,-0.15,
77,0.76,77,-4.98,77,74.65,77,-0.03,77,-0.05,77,-0.15,
78,0.51,78,-4.83,78,74.25,78,-0.03,78,-0.05,78,-0.15,
79,0.5,79,-4.79,79,73.85,79,-0.03,79,-0.05,79,-0.15,
80,0.51,80,-4.78,80,73.66,80,-0.03,80,-0.05,80,-0.15,
81,0.51,81,-4.79,81,73.63,81,-0.03,81,-0.05,81,-0.15,
82,0.5,82,-4.73,82,73.03,82,-0.03,82,-0.05,82,-0.15,
83,0.51,83,-4.71,83,72.79,83,-0.03,83,-0.05,83,-0.15,
84,0.54,84,-4.58,84,71.77,84,-0.03,84,-0.05,84,-0.15,
85,0.53,85,-4.57,85,71.38,85,-0.03,85,-0.05,85,-0.15,
86,0.52,86,-4.55,86,71.02,86,-0.03,86,-0.05,86,-0.15,
87,0.52,87,-4.38,87,69.56,87,-0.03,87,-0.05,87,-0.15,
88,0.51,88,-3.97,88,66.27,88,-0.02,88,-0.05,88,-0.15,
89,0.43,89,-3.44,89,62.95,89,-0.02,89,-0.05,89,-0.15,
90,0.38,90,-2.9,90,58.53,90,-0.01,90,-0.05,90,-0.15,
91,0.41,91,-2.4,91,53.99,91,-0.01,91,-0.05,91,-0.15,
92,0.51,92,-2.02,92,50.26,92,-0,92,-0.04,92,-0.15,
93,0.52,93,-1.2,93,42.38,93,0,93,-0.04,93,-0.15,
94,0.71,94,-0.54,94,36.23,94,0.01,94,-0.04,94,-0.15,
95,0.69,95,0.19,95,30.06,95,0.02,95,-0.03,95,-0.15,
96,0.59,96,0.75,96,25.2,96,0.02,96,-0.03,96,-0.15,
97,0.92,97,1.46,97,16.01,97,0.03,97,-0.02,97,-0.15,
98,1.08,98,1.96,98,9.94,98,0.03,98,-0.01,98,-0.15,
99,1.14,99,2.43,99,4.64,99,0.03,99,0,99,-0.15,
100,1.17,100,2.85,100,-0.32,100,0.04,100,0.01,100,-0.15,
101,1.13,101,3.3,101,-4.44,101,0.03,101,0.01,101,-0.15,
102,1.12,102,3.5,102,-7.6,102,0.03,102,0.02,102,-0.15,
103,1.02,103,4.41,103,-13.21,103,0.03,103,0.02,103,-0.14,
104,1.15,104,4.92,104,-18.65,104,0.03,104,0.02,104,-0.14,
105,1.2,105,4.94,105,-21.53,105,0.03,105,0.03,105,-0.14,
106,1.18,106,4.79,106,-22.3,106,0.02,106,0.03,106,-0.14,
107,1.37,107,4.38,107,-21.53,107,0.02,107,0.03,107,-0.14,
108,1.26,108,3.77,108,-17.91,108,0.02,108,0.03,108,-0.14,
109,1.12,109,3.33,109,-15.68,109,0.03,109,0.03,109,-0.14,
110,1.09,110,3.05,110,-14.9,110,0.03,110,0.02,110,-0.14,
111,1.08,111,2.55,111,-12.64,111,0.03,111,0.02,111,-0.14,
112,1.07,112,1.78,112,-8,112,0.03,112,0.02,112,-0.15,
113,0.9,113,1.06,113,-3.73,113,0.04,113,0.02,113,-0.15,
114,0.71,114,0.23,114,1,114,0.04,114,0.01,114,-0.15,
115,0.94,115,-0.64,115,6.34,115,0.04,115,0.01,115,-0.15,
116,0.98,116,-1.56,116,13.62,116,0.04,116,0,116,-0.15,
117,0.96,117,-2.52,117,19.78,117,0.04,117,-0,117,-0.15,
118,0.93,118,-3.41,118,26.9,118,0.04,118,0,118,-0.15,
119,1.08,119,-4.39,119,34.67,119,0.04,119,-0,119,-0.16,
120,1.24,120,-5.21,120,41.11,120,0.03,120,-0.01,120,-0.16,
121,1.3,121,-6.06,121,48.07,121,0.02,121,-0.02,121,-0.16,
122,0.95,122,-7.17,122,57.66,122,0.01,122,-0.02,122,-0.16,
123,0.82,123,-7.9,123,64.83,123,-0,123,-0.03,123,-0.16,
124,0.99,124,-8.19,124,67.09,124,-0.01,124,-0.03,124,-0.16,
125,1.02,125,-8.85,125,71.62,125,-0.01,125,-0.03,125,-0.16,
126,0.97,126,-9.82,126,80.63,126,-0.02,126,-0.03,126,-0.16,
127,0.87,127,-10.94,127,91.31,127,-0.04,127,-0.03,127,-0.16,
128,0.71,128,-11.57,128,100.26,128,-0.05,128,-0.03,128,-0.16,
129,0.69,129,-11.85,129,104.17,129,-0.06,129,-0.03,129,-0.16,
130,0.75,130,-11.94,130,105.73,130,-0.07,130,-0.03,130,-0.16,
131,0.7,131,-12.16,131,108.78,131,-0.07,131,-0.03,131,-0.16,
132,0.62,132,-13.07,132,118.43,132,-0.07,132,-0.03,132,-0.16,
133,0.6,133,-14.14,133,128.75,133,-0.08,133,-0.02,133,-0.16,
134,0.41,134,-14.96,134,137.28,134,-0.09,134,-0.01,134,-0.16,
135,0.34,135,-15.5,135,143.24,135,-0.11,135,0,135,-0.15,
136,0.33,136,-16.05,136,149.64,136,-0.1,136,0.01,136,-0.16,
137,0.28,137,-16.58,137,156.68,137,-0.11,137,0.02,137,-0.16,
138,0.34,138,-17,138,162.11,138,-0.11,138,0.03,138,-0.15,
139,0.25,139,-17.3,139,166.57,139,-0.12,139,0.04,139,-0.15,
140,0.22,140,-17.48,140,169.88,140,-0.12,140,0.04,140,-0.15,
141,0.18,141,-17.77,141,173.98,141,-0.12,141,0.04,141,-0.15,
142,0.16,142,-18.1,142,178.79,142,-0.12,142,0.05,142,-0.15,
143,0.25,143,-18.45,143,183.72,143,-0.12,143,0.05,143,-0.15,
144,0.28,144,-18.91,144,188.74,144,-0.11,144,0.06,144,-0.15,
145,0.36,145,-19.18,145,192.11,145,-0.1,145,0.08,145,-0.16,
146,-0.52,146,-19.24,146,194.38,146,-0.1,146,0.08,146,-0.15,
147,-0.83,147,-19.25,147,196.42,147,-0.1,147,0.08,147,-0.15,
148,-0.87,148,-19.29,148,198.23,148,-0.09,148,0.09,148,-0.15,
149,-0.88,149,-19.5,149,200.97,149,-0.09,149,0.09,149,-0.15,
150,-0.86,150,-19.79,150,204.71,150,-0.09,150,0.09,150,-0.15,
151,-0.85,151,-20.35,151,210.03,151,-0.08,151,0.09,151,-0.15,
152,-1.03,152,-20.94,152,216.25,152,-0.07,152,0.09,152,-0.15,
153,-0.95,153,-21.24,153,219.86,153,-0.06,153,0.1,153,-0.15,
154,-0.9,154,-21.56,154,224.83,154,-0.06,154,0.1,154,-0.15,
155,-0.88,155,-21.91,155,229.1,155,-0.05,155,0.1,155,-0.16,
156,-0.82,156,-22.24,156,233.27,156,-0.04,156,0.11,156,-0.16,
157,-0.8,157,-22.62,157,237.79,157,-0.04,157,0.11,157,-0.16,
158,-0.79,158,-22.9,158,241.42,158,-0.03,158,0.11,158,-0.16,
159,-0.72,159,-22.98,159,244.05,159,-0.02,159,0.11,159,-0.16,
160,-0.68,160,-22.92,160,245.76,160,-0.02,160,0.11,160,-0.16,
161,-0.63,161,-22.84,161,247.39,161,-0.02,161,0.11,161,-0.16,
162,-0.66,162,-23.05,162,250.75,162,-0.02,162,0.11,162,-0.16,
163,-0.65,163,-23.13,163,253.45,163,-0.01,163,0.1,163,-0.16,
164,-0.62,164,-22.94,164,254.38,164,-0.01,164,0.1,164,-0.16,
165,-0.65,165,-22.73,165,254.2,165,-0.01,165,0.1,165,-0.16,
166,-0.71,166,-22.32,166,252.99,166,-0.01,166,0.1,166,-0.16,
167,-0.69,167,-21.72,167,251.2,167,-0.01,167,0.1,167,-0.16,
168,-0.61,168,-20.94,168,248.34,168,-0.01,168,0.1,168,-0.16,
169,-0.49,169,-20.11,169,245,169,-0.02,169,0.1,169,-0.15,
170,-0.46,170,-19.41,170,242.13,170,-0.02,170,0.1,170,-0.16,
171,-0.26,171,-18.72,171,239.05,171,-0.03,171,0.1,171,-0.15,
172,-0.22,172,-18.06,172,236.5,172,-0.03,172,0.1,172,-0.15,
173,-0.21,173,-17.58,173,234.6,173,-0.04,173,0.1,173,-0.15,
174,-0.22,174,-17.31,174,233.84,174,-0.04,174,0.1,174,-0.15,
175,-0.22,175,-17.05,175,233.21,175,-0.04,175,0.1,175,-0.15,
176,-0.18,176,-16.55,176,231.45,176,-0.04,176,0.1,176,-0.15,
177,-0.15,177,-16.08,177,229.89,177,-0.04,177,0.1,177,-0.15,
178,-0.12,178,-15.64,178,228.12,178,-0.05,178,0.1,178,-0.15,
179,-0.1,179,-14.75,179,223.12,179,-0.05,179,0.1,179,-0.15,
180,-0.17,180,-13.89,180,217.82,180,-0.06,180,0.1,180,-0.15,
181,-0.19,181,-12.81,181,211.27,181,-0.06,181,0.1,181,-0.15,
182,-0.2,182,-11.68,182,204.1,182,-0.07,182,0.09,182,-0.15,
183,-0.08,183,-10.44,183,195.75,183,-0.08,183,0.1,183,-0.16,
184,-0.09,184,-9.71,184,190.24,184,-0.08,184,0.11,184,-0.17,
185,-0.05,185,-8.53,185,183.42,185,-0.09,185,0.12,185,-0.17,
186,-0.04,186,-7.54,186,177.52,186,-0.09,186,0.11,186,-0.17,
187,0.06,187,-6.51,187,170.42,187,-0.09,187,0.09,187,-0.17,
188,0.14,188,-5.68,188,164.78,188,-0.1,188,0.07,188,-0.16,
189,0.22,189,-4.86,189,159.08,189,-0.1,189,0.06,189,-0.16,
190,0.25,190,-3.99,190,152.87,190,-0.1,190,0.05,190,-0.16,
191,0.32,191,-2.88,191,144.91,191,-0.1,191,0.04,191,-0.16,
192,0.35,192,-1.88,192,137.05,192,-0.1,192,0.03,192,-0.16,
193,0.42,193,-0.69,193,128.16,193,-0.1,193,0.02,193,-0.16,
194,0.49,194,0.59,194,118.54,194,-0.09,194,0.01,194,-0.16,
195,0.56,195,1.73,195,108.84,195,-0.08,195,0,195,-0.16,
196,0.69,196,3.08,196,97.97,196,-0.07,196,-0.01,196,-0.16,
197,0.75,197,4.41,197,87.83,197,-0.06,197,-0.01,197,-0.16,
198,0.74,198,5.76,198,77.86,198,-0.04,198,-0.02,198,-0.16,
199,0.81,199,6.79,199,69.16,199,-0.02,199,-0.04,199,-0.16,
200,0.79,200,7.56,200,62.28,200,-0,200,-0.05,200,-0.16,
201,0.81,201,8.24,201,55.24,201,0.01,201,-0.05,201,-0.16,
202,0.77,202,8.65,202,49.8,202,0.01,202,-0.04,202,-0.16,
203,0.7,203,8.9,203,46.07,203,0.02,203,-0.03,203,-0.16,
204,0.69,204,9.19,204,41.86,204,0.03,204,-0.02,204,-0.16,
205,0.62,205,9.57,205,37.13,205,0.03,205,-0.01,205,-0.16,
206,0.54,206,10.14,206,31.03,206,0.04,206,-0,206,-0.16,
207,0.6,207,10.64,207,25.38,207,0.04,207,0,207,-0.16,
208,0.61,208,11.08,208,20.2,208,0.05,208,0.01,208,-0.16,
209,0.67,209,11.83,209,12.73,209,0.05,209,0.02,209,-0.16,
210,0.89,210,12.8,210,3.48,210,0.05,210,0.03,210,-0.16,
211,0.94,211,13.94,211,-7.24,211,0.06,211,0.04,211,-0.16,
212,1.11,212,14.72,212,-16.21,212,0.05,212,0.05,212,-0.16,
213,0.94,213,14.98,213,-20.08,213,0.05,213,0.05,213,-0.16,
214,0.98,214,15.31,214,-25.88,214,0.05,214,0.06,214,-0.16,
215,0.99,215,15.47,215,-30.24,215,0.04,215,0.07,215,-0.16,
216,0.89,216,15.68,216,-34.6,216,0.04,216,0.07,216,-0.16,
217,0.72,217,16.1,217,-40.44,217,0.04,217,0.08,217,-0.16,
218,0.9,218,16.36,218,-45.56,218,0.03,218,0.08,218,-0.16,
219,0.82,219,16.76,219,-51.52,219,0.02,219,0.09,219,-0.16,
220,0.74,220,17.01,220,-57.12,220,0,220,0.1,220,-0.16,
221,0.42,221,17.71,221,-64.18,221,-0,221,0.1,221,-0.16,
222,0.33,222,18.61,222,-72.02,222,-0.01,222,0.11,222,-0.16,
223,1,223,19.39,223,-80.27,223,-0.02,223,0.11,223,-0.16,
224,1.12,224,19.45,224,-84.72,224,-0.03,224,0.11,224,-0.16,
225,0.97,225,18.89,225,-84.62,225,-0.03,225,0.1,225,-0.15,
226,0.78,226,17.48,226,-79.36,226,-0.04,226,0.1,226,-0.16,
227,0.45,227,16.21,227,-74.64,227,-0.03,227,0.11,227,-0.16,
228,0.33,228,15.54,228,-73.55,228,-0.02,228,0.11,228,-0.16,
229,0.4,229,14.97,229,-72.95,229,-0.02,229,0.11,229,-0.16,
230,0.52,230,14.48,230,-72.66,230,-0.02,230,0.11,230,-0.16,
231,0.54,231,14.02,231,-72.57,231,-0.01,231,0.1,231,-0.16,
232,0.43,232,13.54,232,-72.39,232,-0.01,232,0.1,232,-0.16,
233,0.04,233,13.01,233,-72.02,233,-0.01,233,0.1,233,-0.16,
234,0.24,234,12.52,234,-71.56,234,-0.01,234,0.1,234,-0.16,
235,0.11,235,11.81,235,-69.15,235,-0.01,235,0.1,235,-0.16,
236,0.13,236,11.32,236,-68.85,236,-0.01,236,0.1,236,-0.16,
237,0.37,237,9.97,237,-68.27,237,-0.01,237,0.1,237,-0.16,
238,0.41,238,9.68,238,-67.8,238,-0.01,238,0.11,238,-0.16,
239,0.42,239,9.63,239,-67.7,239,-0.01,239,0.11,239,-0.16,
240,0.46,240,9.34,240,-67.68,240,-0.01,240,0.11,240,-0.16,
241,0.5,241,9.01,241,-67.68,241,-0.01,241,0.11,241,-0.16,
242,0.5,242,8.67,242,-67.68,242,-0.01,242,0.11,242,-0.16,
243,0.49,243,8.33,243,-67.68,243,-0.01,243,0.11,243,-0.16,
244,0.51,244,8.38,244,-69.25,244,-0.01,244,0.11,244,-0.16,
245,0.51,245,8.84,245,-74.07,245,-0.01,245,0.11,245,-0.16,
246,0.45,246,9.44,246,-79.98,246,-0.02,246,0.11,246,-0.16,
247,0.43,247,10.41,247,-88.83,247,-0.03,247,0.11,247,-0.16,
248,0.48,248,11.72,248,-100.26,248,-0.04,248,0.11,248,-0.16,
249,0.56,249,12.97,249,-111.17,249,-0.06,249,0.1,249,-0.16,
250,0.64,250,14.06,250,-121.61,250,-0.07,250,0.09,250,-0.16,
251,0.76,251,14.78,251,-130.39,251,-0.08,251,0.08,251,-0.16,
252,0.72,252,15.25,252,-137.73,252,-0.09,252,0.07,252,-0.16,
253,0.65,253,16.21,253,-147.34,253,-0.09,253,0.06,253,-0.16,
254,0.75,254,17.13,254,-158.36,254,-0.1,254,0.05,254,-0.16,
255,0.72,255,18.55,255,-171.21,255,-0.1,255,0.04,255,-0.16,
256,0.73,256,19.66,256,-182.68,256,-0.09,256,0.02,256,-0.16,
257,0.66,257,20.49,257,-192.02,257,-0.09,257,0.01,257,-0.16,
258,0.67,258,21.3,258,-201.03,258,-0.08,258,-0,258,-0.16,
259,0.74,259,22.37,259,-212.06,259,-0.07,259,-0.01,259,-0.16,
260,0.79,260,23.36,260,-223.36,260,-0.05,260,-0.02,260,-0.16,
261,0.87,261,24.21,261,-233.52,261,-0.03,261,-0.02,261,-0.17,
262,0.88,262,24.59,262,-240.58,262,-0.01,262,-0.03,262,-0.16,
263,0.87,263,24.56,263,-244.58,263,-0,263,-0.03,263,-0.16,
264,0.8,264,24.18,264,-246.96,264,0,264,-0.03,264,-0.16,
265,0.74,265,23.9,265,-249.75,265,0.01,265,-0.03,265,-0.16,
266,0.66,266,23.66,266,-252.43,266,0.01,266,-0.03,266,-0.16,
267,0.67,267,23.5,267,-254.81,267,0.01,267,-0.03,267,-0.16,
268,0.7,268,23.29,268,-257.25,268,0.02,268,-0.03,268,-0.16,
269,0.72,269,22.91,269,-259.08,269,0.02,269,-0.03,269,-0.16,
270,0.75,270,22.73,270,-259.6,270,0.02,270,-0.03,270,-0.16,
271,0.7,271,22.13,271,-259.47,271,0.03,271,-0.03,271,-0.16,
272,0.72,272,21.56,272,-259.07,272,0.02,272,-0.02,272,-0.16,
273,0.72,273,20.8,273,-258.21,273,0.02,273,-0.02,273,-0.16,
274,0.71,274,19.99,274,-256.63,274,0.02,274,-0.01,274,-0.17,
275,0.75,275,18.75,275,-252.58,275,0.02,275,-0.02,275,-0.16,
276,0.8,276,17.33,276,-245,276,0.01,276,-0.02,276,-0.16,
277,0.89,277,15.41,277,-234.68,277,-0.01,277,-0.01,277,-0.17,
278,1.01,278,12.92,278,-220.04,278,-0.03,278,-0.02,278,-0.16,
279,1.11,279,10.02,279,-201.85,279,-0.05,279,-0.02,279,-0.16,
280,1.13,280,7.16,280,-183.54,280,-0.08,280,-0.01,280,-0.16,
281,1.18,281,4.44,281,-166.05,281,-0.09,281,0.01,281,-0.16,
282,1.2,282,1.72,282,-148.61,282,-0.1,282,0.03,282,-0.16,
283,1.15,283,-0.89,283,-130.95,283,-0.1,283,0.06,283,-0.16,
284,1.16,284,-3.22,284,-115.26,284,-0.09,284,0.08,284,-0.16,
285,1.03,285,-5.71,285,-97.69,285,-0.07,285,0.09,285,-0.16,
286,0.9,286,-8.07,286,-80.23,286,-0.05,286,0.1,286,-0.16,
287,0.76,287,-10.12,287,-65.21,287,-0.03,287,0.11,287,-0.15,
288,0.77,288,-11.84,288,-52.67,288,0,288,0.1,288,-0.16,
289,0.67,289,-13.29,289,-41.77,289,0.02,289,0.09,289,-0.16,
290,0.56,290,-14.76,290,-31.08,290,0.03,290,0.09,290,-0.16,
291,0.52,291,-16.03,291,-23.12,291,0.04,291,0.08,291,-0.16,
292,0.5,292,-16.69,292,-17.17,292,0.04,292,0.07,292,-0.16,
293,0.33,293,-16.8,293,-16.59,293,0.05,293,0.06,293,-0.16,
294,0.37,294,-16.32,294,-18.48,294,0.05,294,0.06,294,-0.16,
295,0.38,295,-16.08,295,-19.17,295,0.04,295,0.06,295,-0.16,
296,0.38,296,-15.85,296,-19.39,296,0.04,296,0.07,296,-0.16,
297,0.39,297,-15.64,297,-19.41,297,0.04,297,0.07,297,-0.16,
298,0.39,298,-15.45,298,-19.41,298,0.04,298,0.07,298,-0.16,
299,0.4,299,-15.29,299,-19.41,299,0.04,299,0.07,299,-0.16,
300,0.4,300,-15.16,300,-19.42,300,0.04,300,0.07,300,-0.16,
301,0.33,301,-14.9,301,-19.41,301,0.04,301,0.07,301,-0.16,
302,0.31,302,-14.69,302,-19.41,302,0.04,302,0.06,302,-0.16,
303,0.31,303,-14.53,303,-19.41,303,0.05,303,0.06,303,-0.16,
304,0.34,304,-14.48,304,-19.55,304,0.05,304,0.06,304,-0.16,
305,0.36,305,-14.12,305,-20.97,305,0.05,305,0.06,305,-0.16,
306,0.36,306,-13.81,306,-22.05,306,0.04,306,0.07,306,-0.16,
307,0.33,307,-13.59,307,-22.75,307,0.04,307,0.07,307,-0.16,
308,0.32,308,-13.28,308,-23.48,308,0.04,308,0.07,308,-0.16,
309,0.34,309,-13.26,309,-23.88,309,0.04,309,0.06,309,-0.15,
310,0.35,310,-13.24,310,-23.95,310,0.04,310,0.06,310,-0.15,
311,0.38,311,-13.16,311,-23.96,311,0.04,311,0.06,311,-0.15,
312,0.42,312,-13.14,312,-23.98,312,0.04,312,0.06,312,-0.15,
313,0.43,313,-13.2,313,-24,313,0.04,313,0.06,313,-0.15,
314,0.4,314,-13.02,314,-23.99,314,0.04,314,0.06,314,-0.15,
315,0.42,315,-12.84,315,-23.99,315,0.04,315,0.06,315,-0.15,
316,0.46,316,-12.32,316,-23.92,316,0.04,316,0.06,316,-0.15,
317,0.49,317,-12.13,317,-23.91,317,0.04,317,0.05,317,-0.15,
318,0.57,318,-11.98,318,-23.91,318,0.04,318,0.05,318,-0.15,
319,0.58,319,-11.86,319,-23.9,319,0.04,319,0.05,319,-0.15,
320,0.59,320,-11.76,320,-23.9,320,0.04,320,0.06,320,-0.15,
321,0.58,321,-11.67,321,-23.9,321,0.04,321,0.06,321,-0.15,
322,0.64,322,-11.56,322,-23.9,322,0.04,322,0.06,322,-0.15,
323,0.52,323,-11.4,323,-23.42,323,0.04,323,0.06,323,-0.15,
324,0.54,324,-11.28,324,-23.37,324,0.05,324,0.05,324,-0.15,
325,0.53,325,-11.24,325,-22.82,325,0.05,325,0.05,325,-0.15,
326,0.52,326,-11.21,326,-22.57,326,0.05,326,0.05,326,-0.15,
327,0.54,327,-12.09,327,-14.8,327,0.05,327,0.05,327,-0.15,
328,0.45,328,-13.08,328,-7.45,328,0.05,328,0.05,328,-0.15,
329,0.36,329,-14.05,329,0.86,329,0.05,329,0.04,329,-0.15,
330,0.28,330,-15.47,330,12.27,330,0.05,330,0.03,330,-0.15,
331,0.34,331,-16.56,331,21.79,331,0.05,331,0.01,331,-0.15,
332,0.31,332,-17.56,332,30.96,332,0.05,332,0,332,-0.15,
333,0.32,333,-18.3,333,37.76,333,0.04,333,-0.01,333,-0.15,
334,0.27,334,-19.08,334,44.88,334,0.04,334,-0.02,334,-0.15,
335,0.28,335,-19.83,335,51.91,335,0.03,335,-0.03,335,-0.15,
336,0.28,336,-20.63,336,59.93,336,0.03,336,-0.04,336,-0.15,
337,0.26,337,-21.45,337,67.55,337,0.02,337,-0.04,337,-0.15,
338,0.26,338,-22.23,338,75.45,338,0,338,-0.05,338,-0.15,
339,0.23,339,-22.97,339,83.31,339,-0.01,339,-0.05,339,-0.15,
340,0.11,340,-23.75,340,90.78,340,-0.02,340,-0.05,340,-0.15,
341,0.07,341,-24.33,341,97.25,341,-0.03,341,-0.05,341,-0.15,
342,0.07,342,-24.85,342,103.19,342,-0.04,342,-0.05,342,-0.15,
343,-0.01,343,-25.44,343,109.99,343,-0.04,343,-0.04,343,-0.15,
344,-0.01,344,-25.87,344,116.19,344,-0.05,344,-0.04,344,-0.15,
345,0.02,345,-26.4,345,122.62,345,-0.06,345,-0.03,345,-0.15,
346,0,346,-26.99,346,129.47,346,-0.07,346,-0.02,346,-0.15,
347,0.02,347,-27.62,347,137.1,347,-0.08,347,-0.02,347,-0.15,
348,0.04,348,-28.2,348,144.1,348,-0.08,348,-0.01,348,-0.15,
349,0.04,349,-28.82,349,151.89,349,-0.09,349,0,349,-0.15,
350,0.02,350,-29.68,350,161.2,350,-0.09,350,0.02,350,-0.15,
351,0.01,351,-30.55,351,170.24,351,-0.09,351,0.03,351,-0.15,
352,0,352,-31.32,352,178.95,352,-0.09,352,0.04,352,-0.15,
353,-0.15,353,-31.91,353,186.53,353,-0.09,353,0.06,353,-0.16,
354,-0.43,354,-32.27,354,192.74,354,-0.08,354,0.08,354,-0.16,
355,-0.68,355,-32.59,355,198.05,355,-0.08,355,0.08,355,-0.16,
356,-0.73,356,-32.74,356,202.31,356,-0.07,356,0.09,356,-0.16,
357,-0.76,357,-32.82,357,206.13,357,-0.07,357,0.09,357,-0.16,
358,-0.74,358,-33.02,358,210.45,358,-0.07,358,0.1,358,-0.16,
359,-0.74,359,-33.27,359,215.65,359,-0.06,359,0.1,359,-0.16,
360,-0.7,360,-33.4,360,219.75,360,-0.05,360,0.11,360,-0.16,
361,-0.77,361,-33.57,361,224.06,361,-0.05,361,0.11,361,-0.16,
362,-0.83,362,-33.78,362,228.8,362,-0.04,362,0.11,362,-0.16,
363,-0.95,363,-34.02,363,233.74,363,-0.04,363,0.11,363,-0.16,
364,-0.96,364,-34.1,364,237.9,364,-0.03,364,0.12,364,-0.16,
365,-1.05,365,-34.47,365,243.14,365,-0.02,365,0.12,365,-0.16,
366,-0.99,366,-34.85,366,248.53,366,-0.01,366,0.12,366,-0.16,
367,-1.01,367,-35.32,367,254.35,367,-0.01,367,0.12,367,-0.16,
368,-1.04,368,-35.18,368,257.06,368,0,368,0.12,368,-0.16,
369,-1.02,369,-34.96,369,258.94,369,0.01,369,0.11,369,-0.16,
370,-1,370,-35.16,370,263.63,370,0.01,370,0.11,370,-0.16,
371,-1.19,371,-35.75,371,270.55,371,0.01,371,0.11,371,-0.16,
372,-1.22,372,-36.43,372,277.58,372,0.02,372,0.11,372,-0.16,
373,-1.19,373,-36.61,373,282.03,373,0.03,373,0.1,373,-0.16,
374,-1.1,374,-36.74,374,286.51,374,0.04,374,0.1,374,-0.16,
375,-1.05,375,-36.92,375,291.15,375,0.04,375,0.1,375,-0.17,
376,-1.08,376,-37.15,376,296,376,0.05,376,0.1,376,-0.17,
377,-1.08,377,-37.44,377,300.78,377,0.06,377,0.09,377,-0.17,
378,-1.1,378,-38.07,378,305.53,378,0.06,378,0.09,378,-0.18,
379,-1.09,379,-37.92,379,308.91,379,0.07,379,0.09,379,-0.18,
380,-1.06,380,-37.55,380,311.52,380,0.07,380,0.09,380,-0.18,
381,-1.01,381,-37.3,381,313.63,381,0.07,381,0.09,381,-0.18,
382,-1.05,382,-37.15,382,316.2,382,0.07,382,0.09,382,-0.18,
383,-1.05,383,-37.05,383,318.93,383,0.07,383,0.08,383,-0.19,
384,-0.99,384,-36.75,384,320.86,384,0.07,384,0.08,384,-0.19,
385,-0.74,385,-36.57,385,322.83,385,0.07,385,0.08,385,-0.19,
386,-0.74,386,-36.24,386,324.31,386,0.07,386,0.08,386,-0.19,
387,-0.65,387,-35.87,387,324.55,387,0.07,387,0.08,387,-0.19,
388,-0.66,388,-35.43,388,325.79,388,0.07,388,0.08,388,-0.19,
389,-0.66,389,-34.94,389,326.29,389,0.07,389,0.07,389,-0.19,
390,-0.63,390,-34.41,390,326.36,390,0.07,390,0.07,390,-0.19,
391,-0.58,391,-33.87,391,326.36,391,0.07,391,0.08,391,-0.19,
392,-0.52,392,-33.35,392,326.32,392,0.07,392,0.08,392,-0.19,
393,-0.52,393,-32.86,393,326.27,393,0.07,393,0.08,393,-0.19,
394,-0.47,394,-32.16,394,324.86,394,0.07,394,0.08,394,-0.19,
395,-0.47,395,-31.23,395,321.52,395,0.07,395,0.08,395,-0.19,
396,-0.47,396,-29.96,396,316.49,396,0.07,396,0.08,396,-0.19,
397,-0.46,397,-28.69,397,311.66,397,0.07,397,0.09,397,-0.19,
398,-0.45,398,-27.37,398,305.88,398,0.06,398,0.09,398,-0.18,
399,-0.41,399,-26.17,399,298.32,399,0.06,399,0.1,399,-0.18,
400,-0.37,400,-24.73,400,290.47,400,0.06,400,0.11,400,-0.18,
401,-0.48,401,-22.54,401,278.91,401,0.05,401,0.12,401,-0.18,
402,-0.59,402,-20.29,402,267.5,402,0.04,402,0.13,402,-0.18,
403,-0.65,403,-17.59,403,254.16,403,0.02,403,0.13,403,-0.18,
404,-0.67,404,-15.41,404,242.16,404,0.01,404,0.14,404,-0.18,
405,-0.68,405,-13.54,405,232.2,405,-0.01,405,0.15,405,-0.18,
406,-0.68,406,-12,406,224.16,406,-0.02,406,0.14,406,-0.18,
407,-0.64,407,-10.45,407,215.7,407,-0.03,407,0.14,407,-0.18,
408,-0.54,408,-9.06,408,207.74,408,-0.04,408,0.14,408,-0.18,
409,-0.54,409,-7.73,409,199.61,409,-0.05,409,0.13,409,-0.18,
410,-0.52,410,-6.57,410,192.04,410,-0.06,410,0.13,410,-0.18,
411,-0.48,411,-4.6,411,179.47,411,-0.07,411,0.12,411,-0.18,
412,-0.4,412,-2.28,412,164.45,412,-0.08,412,0.1,412,-0.18,
413,-0.25,413,-0.49,413,152.29,413,-0.08,413,0.08,413,-0.18,
414,-0.12,414,1.07,414,141.4,414,-0.08,414,0.07,414,-0.18,
415,-0.04,415,2.9,415,128.88,415,-0.08,415,0.05,415,-0.18,
416,-0.11,416,4.3,416,119.02,416,-0.07,416,0.04,416,-0.18,
417,0.09,417,6.07,417,106.58,417,-0.05,417,0.02,417,-0.18,
418,0.12,418,7.35,418,96.9,418,-0.02,418,-0.03,418,-0.17,
419,0.28,419,8.62,419,86.44,419,-0.01,419,-0.04,419,-0.17,
420,0.42,420,9.99,420,75.45,420,0.01,420,-0.05,420,-0.16,
421,0.41,421,11.26,421,65.39,421,0.03,421,-0.05,421,-0.17,
422,0.42,422,12.6,422,54.59,422,0.04,422,-0.03,422,-0.17,
423,0.57,423,13.98,423,43.49,423,0.05,423,-0.02,423,-0.17,
424,0.65,424,15.24,424,32.37,424,0.06,424,-0.01,424,-0.17,
425,0.74,425,16.75,425,20.29,425,0.07,425,-0,425,-0.17,
426,0.8,426,17.89,426,9.32,426,0.08,426,0.01,426,-0.17,
427,0.74,427,18.38,427,2.47,427,0.09,427,0.02,427,-0.17,
428,0.77,428,18.67,428,-2.9,428,0.09,428,0.03,428,-0.17,
429,0.86,429,19.02,429,-8.22,429,0.08,429,0.04,429,-0.16,
430,0.93,430,19.55,430,-14.96,430,0.08,430,0.05,430,-0.17,
431,0.93,431,19.88,431,-20.8,431,0.08,431,0.06,431,-0.16,
432,1.03,432,20.09,432,-25.72,432,0.08,432,0.06,432,-0.16,
433,1.08,433,20.39,433,-31.14,433,0.07,433,0.07,433,-0.16,
434,1.01,434,20.77,434,-37.13,434,0.07,434,0.07,434,-0.16,
435,1.1,435,21.65,435,-46.46,435,0.06,435,0.08,435,-0.16,
436,1.12,436,22.38,436,-54.91,436,0.05,436,0.08,436,-0.16,
437,1.24,437,23.15,437,-63.77,437,0.04,437,0.09,437,-0.16,
438,1.27,438,23.59,438,-70.44,438,0.03,438,0.09,438,-0.16,
439,1.31,439,24.05,439,-77.36,439,0.02,439,0.09,439,-0.16,
440,1.34,440,24.44,440,-84.15,440,0.01,440,0.09,440,-0.16,
441,1.58,441,24.95,441,-92.08,441,0,441,0.09,441,-0.16,
442,1.56,442,25.3,442,-98.32,442,-0.01,442,0.09,442,-0.16,
443,1.57,443,25.55,443,-104.09,443,-0.02,443,0.09,443,-0.16,
444,1.61,444,25.6,444,-108.95,444,-0.02,444,0.08,444,-0.16,
445,1.44,445,25.78,445,-114.12,445,-0.03,445,0.08,445,-0.16,
446,1.58,446,26.48,446,-122.62,446,-0.03,446,0.07,446,-0.16,
447,1.81,447,26.79,447,-129.11,447,-0.04,447,0.07,447,-0.16,
448,1.81,448,26.36,448,-130.76,448,-0.05,448,0.06,448,-0.16,
449,1.78,449,25.77,449,-131.37,449,-0.05,449,0.06,449,-0.16,
450,1.72,450,24.98,450,-130.68,450,-0.05,450,0.06,450,-0.16,
451,1.64,451,23.79,451,-127.28,451,-0.05,451,0.06,451,-0.16,
452,21.13,452,669.52,452,-4177.01,452,-0.05,452,0.06,452,-0.16,
453,20.71,453,655.47,453,-4173.89,453,-0.04,453,0.07,453,-0.16,
454,20.3,454,642.03,454,-4172.76,454,-0.04,454,0.07,454,-0.16,
455,19.87,455,628.98,455,-4172.63,455,-0.04,455,0.07,455,-0.16,
456,19.42,456,616.09,456,-4171.83,456,-0.04,456,0.07,456,-0.16,
457,19.06,457,603.5,457,-4171.15,457,-0.04,457,0.07,457,-0.16,
458,18.69,458,591,458,-4169.78,458,-0.04,458,0.07,458,-0.16,
459,18.34,459,578.84,459,-4168.69,459,-0.03,459,0.08,459,-0.16,
460,17.94,460,566.87,460,-4167.28,460,-0.03,460,0.08,460,-0.16,
461,17.64,461,555.21,461,-4166.28,461,-0.03,461,0.08,461,-0.16,
462,17.3,462,543.8,462,-4165.38,462,-0.03,462,0.08,462,-0.16,
463,16.98,463,532.55,463,-4163.87,463,-0.03,463,0.08,463,-0.16,
464,16.73,464,521.32,464,-4161.48,464,-0.03,464,0.08,464,-0.16,
465,16.35,465,510.06,465,-4157.16,465,-0.03,465,0.08,465,-0.16,
466,16.02,466,499.12,466,-4153.31,466,-0.02,466,0.09,466,-0.16,
467,15.67,467,488.4,467,-4149.6,467,-0.01,467,0.09,467,-0.16,
468,15.35,468,477.84,468,-4146.03,468,-0.01,468,0.09,468,-0.16,
469,15.04,469,467.33,469,-4141.29,469,-0,469,0.09,469,-0.16,
470,14.76,470,456.85,470,-4135.27,470,0,470,0.09,470,-0.16,
471,14.45,471,446.31,471,-4127.37,471,0.01,471,0.09,471,-0.16,
472,14.15,472,435.57,472,-4116.71,472,0.02,472,0.09,472,-0.16,
473,13.8,473,424.75,473,-4103.93,473,0.04,473,0.09,473,-0.16,
474,13.37,474,413.53,474,-4086.7,474,0.05,474,0.09,474,-0.16,
475,12.72,475,402.94,475,-4072.3,475,0.07,475,0.07,475,-0.16,
476,12.51,476,394.74,476,-4072.24,476,0.08,476,0.06,476,-0.16,
477,12.31,477,386.84,477,-4073.12,477,0.08,477,0.06,477,-0.16,
478,12.08,478,378.96,478,-4073.22,478,0.08,478,0.06,478,-0.16,
479,11.85,479,371.23,479,-4073.23,479,0.08,479,0.06,479,-0.16,
480,11.66,480,363.67,480,-4073.23,480,0.08,480,0.06,480,-0.16,
481,11.47,481,356.26,481,-4073.23,481,0.08,481,0.06,481,-0.16,
482,11.22,482,348.97,482,-4073.23,482,0.08,482,0.06,482,-0.16,
483,10.99,483,341.83,483,-4073.23,483,0.08,483,0.06,483,-0.16,
484,10.76,484,334.83,484,-4073.23,484,0.08,484,0.06,484,-0.16,
485,10.47,485,327.64,485,-4073.67,485,0.08,485,0.06,485,-0.16,
486,10.28,486,320.92,486,-4073.77,486,0.08,486,0.06,486,-0.16,
487,10.08,487,314.32,487,-4073.84,487,0.08,487,0.06,487,-0.16,
488,9.89,488,307.88,488,-4073.85,488,0.08,488,0.06,488,-0.16,
489,9.71,489,301.58,489,-4073.85,489,0.08,489,0.06,489,-0.16,
490,9.52,490,295.39,490,-4073.85,490,0.08,490,0.06,490,-0.16,
491,9.34,491,289.33,491,-4073.85,491,0.08,491,0.06,491,-0.16,
492,9.19,492,283.41,492,-4073.85,492,0.08,492,0.06,492,-0.16,
493,9.02,493,277.59,493,-4073.85,493,0.08,493,0.06,493,-0.16,
494,8.86,494,271.9,494,-4073.85,494,0.08,494,0.06,494,-0.16,
495,8.7,495,266.32,495,-4073.85,495,0.08,495,0.06,495,-0.16,
496,8.54,496,260.82,496,-4073.85,496,0.08,496,0.06,496,-0.16,
497,8.38,497,255.44,497,-4073.85,497,0.08,497,0.06,497,-0.16,
